SUPERMERCADO;Unimarc;AVENIDA PEDRO AGUIRRE CER 11387;II;ANTOFAGASTA;;;;;
SUPERMERCADO;Unimarc;AVENIDA PEDRO AGUIRRE 8700, LOC 34;II;ANTOFAGASTA;;;;;
SUPERMERCADO;Unimarc;AVENIDA HUAMACHUCO 940, LOC 19;II;ANTOFAGASTA;;;;;
SUPERMERCADO;Unimarc;CALLE CARLOS OVIEDO CA 5319, LOC 48;II;ANTOFAGASTA;;;;;
SUPERMERCADO;Unimarc;CALLE JOSE SANTOS OSSA 2421, LOC26;II;ANTOFAGASTA;;;;;
SUPERMERCADO;Unimarc;CALLE JOSE SANTOS OSSA 2350, LOC27;II;ANTOFAGASTA;;;;;
SUPERMERCADO;Unimarc;CALLE JOSE MIGUEL CARRE 1527, LOC28;II;ANTOFAGASTA;;;;;
SUPERMERCADO;Unimarc;AVENIDA ANGAMOS 159, LOC29;II;ANTOFAGASTA;;;;;
SUPERMERCADO;Unimarc;CALLE CARLOS PEZOA 10, LOC13;II;ANTOFAGASTA;;;;;
SUPERMERCADO;Unimarc;AVDA ARGENTINA 1910, LOC33;II;ANTOFAGASTA;;;;;
SUPERMERCADO;Unimarc;CALLE IGNACIO CARRERA P 909, LOC 47;II;ANTOFAGASTA;;;;;
SUPERMERCADO;Lider;Zenteno # 21 - Antofagasta;II;ANTOFAGASTA;Francisco Carroza;Supervisor;;;
SUPERMERCADO;Lider;CAPARROSA 355 SALA 655;II;ANTOFAGASTA;Francisco Carroza;Supervisor;;;
SUPERMERCADO;EASY;AVENIDA ANGAMOS 745;II;ANTOFAGASTA;Marcos Vernal;Supervisor;;;
SUPERMERCADO;JUMBO;JUMBO ANGAMOS;II;ANTOFAGASTA;Marcos Vernal;Supervisor;;;
SUPERMERCADO;JUMBO;JUMBO PTO. ENCUENTRO;II;ANTOFAGASTA;Marcos Vernal;Supervisor;;;
SUPERMERCADO;SANTA ISABEL;SISA BAQUEDANO;II;ANTOFAGASTA;Marcos Vernal;Supervisor;;;
SUPERMERCADO;SANTA ISABEL;SISA 14 FEB;II;ANTOFAGASTA;Marcos Vernal;Supervisor;;;
SUPERMERCADO;SANTA ISABEL;SISA MAIPU;II;ANTOFAGASTA;Marcos Vernal;Supervisor;;;
SUPERMERCADO;SANTA ISABEL;SISA PORTADA;II;ANTOFAGASTA;Marcos Vernal;Supervisor;;;
SUPERMERCADO;Tottus;CONDELL Nº2639;II;ANTOFAGASTA;Francisco Carroza;Supervisor;;;
SUPERMERCADO;Tottus;BALMACEDA #2352 (Mall Antofagasta );II;ANTOFAGASTA;Francisco Carroza;Supervisor;;;
SUPERMERCADO;Unimarc;AVDA GRANEROS 318, LOC 46;II;CALAMA;;;;;
SUPERMERCADO;Unimarc;CALLE ACONCAGUA 2588, LOC 111;II;CALAMA;;;;;
SUPERMERCADO;Unimarc;AVDA BRASIL 2386, LOC 674;II;CALAMA;;;;;
SUPERMERCADO;Unimarc;CALLE LA TORRE 2149, LOC 673;II;CALAMA;;;;;
SUPERMERCADO;Lider;Balmaceda # 3242 - Calama;II;CALAMA;Richard  Alvarez;Supervisor;;;
SUPERMERCADO;Lider;HUAYTTIQUINA 459;II;CALAMA;Richard  Alvarez;Supervisor;;;
SUPERMERCADO;EASY;AVENIDA CHORRILLOS 1759;II;CALAMA;Richard Alvarez;Supervisor;;;
SUPERMERCADO;JUMBO;CHORRILLOS 1759 - 614;II;CALAMA;Richard Alvarez;Supervisor;;;
SUPERMERCADO;SANTA ISABEL;AV GRANADEROS 367 N820  SISA;II;CALAMA;Richard Alvarez;Supervisor;;;
SUPERMERCADO;Tottus;Av.Granaderos 3657;II;CALAMA;Richard Alvarez;Supervisor;;;
SUPERMERCADO;Tottus;Balmaceda Nro 2902;II;CALAMA;Richard Alvarez;Supervisor;;;
SUPERMERCADO;Unimarc;COLON POLIC.TORO,P II- L.;II;TOCOPILLA;;;;;
SUPERMERCADO;Unimarc;AVENIDA CAMILO HENRIQ 523, LOCAL 14;III;COPIAPO;;;;;
SUPERMERCADO;Unimarc;CHACABUCO 231, CHL.32 ÑARC-;III;COPIAPO;;;;;
SUPERMERCADO;Unimarc;LOS CARRERAS 479  L.23;III;COPIAPO;;;;;
SUPERMERCADO;Unimarc;CARRERA 586,CHACA L.24 UCO -;III;COPIAPO;;;;;
SUPERMERCADO;Unimarc;CARRERA 2242, TOR L.22 EB. -;III;COPIAPO;;;;;
SUPERMERCADO;Unimarc;BAT.ATAC 319, CAL-L.472 ERA I;III;COPIAPO;;;;;
SUPERMERCADO;Unimarc;OHIGGINS 115, SALL.18 ADOR-;III;Diego de Almagro;;;;;
SUPERMERCADO;Unimarc;BARQUITO G. MISTR20 L- L.;III;Diego de Almagro;;;;;
SUPERMERCADO;Unimarc;PRAT 2350, VALL I16  - L.;III;VALLENAR;;;;;
SUPERMERCADO;Unimarc;BRASIL 963, VALL 7  - L.;III;VALLENAR;;;;;
SUPERMERCADO;Lider;Av. Chacabuco # 120-Copiapó;III;COPIAPO;Ramon Guerra;Supervisor;;;
SUPERMERCADO;Lider;Av. Los Carrera  N°3791;III;COPIAPO;Ramon Guerra;Supervisor;;;
SUPERMERCADO;Tottus;;III;COPIAPO;Ramón Guerra;supervisor;;;
SUPERMERCADO;Unimarc;COMERCIO 310, COM91  - L.;IV;COMBARBALA;;;;;
SUPERMERCADO;Unimarc;CALLE MANUEL BULNES 220, loc 955;IV;COQUIMBO;;;;;
SUPERMERCADO;Unimarc;CALLE AVENIDA CAUPOLICAN 584;IV;COQUIMBO;;;;;
SUPERMERCADO;Unimarc;CALLE CONSTITUCION 515;IV;COQUIMBO;;;;;
SUPERMERCADO;Unimarc;CALLE MANUEL BULNES 677, loc 97;IV;COQUIMBO;;;;;
SUPERMERCADO;Unimarc;REYNALDO BOLTZ 19.12 0 - L;IV;COQUIMBO;;;;;
SUPERMERCADO;Unimarc;AV.BALMACEDA - L.;IV;COQUIMBO;;;;;
SUPERMERCADO;Unimarc;FRANCISCO VARELA 490, LOC 9;IV;COQUIMBO;;;;;
SUPERMERCADO;Unimarc;BRASIL 715, RECOV8  - L.;IV;COQUIMBO;;;;;
SUPERMERCADO;Unimarc;AVENIDA EL SAUCE 81, LOC 6;IV;COQUIMBO;;;;;
SUPERMERCADO;Unimarc;ALESSANDRI 531,PE- L.11 UELAS;IV;COQUIMBO;;;;;
SUPERMERCADO;Unimarc;CALLE LOS ALAMOS/VIOLET.17 S - L;IV;COQUIMBO;;;;;
SUPERMERCADO;Unimarc;NICARAGUA 1571, CL.5 AS -;IV;COQUIMBO;;;;;
SUPERMERCADO;Unimarc;EL MILAGRO - L.62;IV;COQUIMBO;;;;;
SUPERMERCADO;Unimarc;CHACABUCO, VICUÃ‘A1  L.64;IV;COQUIMBO;;;;;
SUPERMERCADO;Unimarc;RG.ARICA 6011 EL , L954 GRADO;IV;COQUIMBO;;;;;
SUPERMERCADO;Unimarc;AV.8 DE SEPTIEMBR LAS PA  /AV.;IV;COQUIMBO;;;;;
SUPERMERCADO;Unimarc;CALLE INDEPENDENCIA 104;IV;ILLAPEL;;;;;
SUPERMERCADO;Unimarc;TANGUE 36 - L.21;IV;OVALLE;;;;;
SUPERMERCADO;Unimarc;BENAVENTE 221 - L 107;IV;OVALLE;;;;;
SUPERMERCADO;Unimarc;LIBERTAD 249 - OV573 I- L.;IV;OVALLE;;;;;
SUPERMERCADO;Lider;Av. Francisco de Aguirre # 2 - La Serena;IV;LA SERENA;Ramon Gueraa;Supervisor;;;
SUPERMERCADO;Lider;Av. Balmaceda # 2154 La Serena;IV;LA SERENA;Ramon Gueraa;Supervisor;;;
SUPERMERCADO;Lider;Guillermo Ulriksen 3128, La Serena;IV;LA SERENA;Ramon Gueraa;Supervisor;;;
SUPERMERCADO;Lider;Av. Los Clarines  2281, Coquimbo;IV;Los Clarines;Ramon Gueraa;Supervisor;;;
SUPERMERCADO;Lider;Av. Del Mar 2960, La Serena;IV;LA SERENA;Ramon Gueraa;Supervisor;;;
SUPERMERCADO;Lider;Av. Domeyko # 55 Coquimbo;IV;COQUIMBO;Ramon Guerra;Supervisor;;;
SUPERMERCADO;Lider;Regimiento Arica # 6145 esq. Balmaceda, La Serena;IV;PEÑUELAS;Ramon Gueraa;Supervisor;;;
SUPERMERCADO;Lider;Calle Recinto Interior Estación # 48 Ovalle;IV;OVALLE;Ramon Gueraa;Supervisor;;;
SUPERMERCADO;Lider;Padre Damian Heredia  915 Ovalle;IV;Peñafiel  Ovalle;Ramon Gueraa;Supervisor;;;
SUPERMERCADO;Lider;Calle Mestranza  443  Ovalle;IV;OVALLE;Ramon Gueraa;Supervisor;;;
SUPERMERCADO;Lider;Av. Bruno Larrain  340 Salamanca;IV;SALAMANCA;Ramon Gueraa;Supervisor;;;
SUPERMERCADO;Lider;Salvador Allende 824;IV;ILLAPEL;Ramon Gueraa;Supervisor;;;
SUPERMERCADO;EASY;RUTA CINCO NORTE, PARCELA 69;IV;LA SERENA;Ramon Gueraa;Supervisor;;;
SUPERMERCADO;EASY;AVENIDA COPAYAPU 2406;IV;COPIAPO;Ramon Gueraa;Supervisor;;;
SUPERMERCADO;JUMBO;PARC 69, VEGAS SU21  - J5;IV;LA SERENA;Ramon Gueraa;Supervisor;;;
SUPERMERCADO;JUMBO;COPAYAPU 2406 - J60;IV;COPIAPO;Ramon Gueraa;Supervisor;;;
SUPERMERCADO;JUMBO;AVENIDA LOS CARRE2-J844 A 333;IV;COPIAPO;Ramon Gueraa;Supervisor;;;
SUPERMERCADO;SANTA ISABEL;SISA HENRIQUEZ 611, PALOMAR COPIAPO;IV;COPIAPO;Ramon Gueraa;Supervisor;;;
SUPERMERCADO;SANTA ISABEL;SISA PINTO;IV;COQUIMBO;Ramon Gueraa;Supervisor;;;
SUPERMERCADO;SANTA ISABEL;SISA LA HERRADURA;IV;COQUIMBO;Ramon Gueraa;Supervisor;;;
SUPERMERCADO;SANTA ISABEL;SISA PRAT 327, HUASCO;IV;HUASCO;Ramon Gueraa;Supervisor;;;
SUPERMERCADO;SANTA ISABEL;AVDA VICUNA MACKENNA 160, ISA 677;IV;OVALLE;Ramon Gueraa;Supervisor;;;
SUPERMERCADO;SANTA ISABEL;SISA SAN JOAQUIN;IV;LA SERENA;Ramon Gueraa;Supervisor;;;
SUPERMERCADO;SANTA ISABEL;SISA CIENFUEGOS;IV;LA SERENA;Ramon Gueraa;Supervisor;;;
SUPERMERCADO;SANTA ISABEL;SISA LAS COMPAÑÍAS;IV;LA SERENA;Ramon Gueraa;Supervisor;;;
SUPERMERCADO;SANTA ISABEL;SISA AV.PANORAMICA 820 LA FLORIDA;IV;LA SERENA;Ramon Gueraa;Supervisor;;;
SUPERMERCADO;SANTA ISABEL;SISA SERRANO 1052, VALLENAR;IV;HUASCO;Ramon Gueraa;Supervisor;;;
SUPERMERCADO;SANTA ISABEL;AVENIDA BALMACEDA 3039;IV;LA SERENA;Ramon Gueraa;Supervisor;;;
SUPERMERCADO;SANTA ISABEL;V.MACKENNA 890;IV;OVALLE;Ramon Gueraa;Supervisor;;;
SUPERMERCADO;SANTA ISABEL;AVENIDA LA CANTERA  1955;IV;LA SERENA;Ramon Gueraa;Supervisor;;;
SUPERMERCADO;SANTA ISABEL;AVDA ARIZTIA;IV;OVALLE;Ramon Gueraa;Supervisor;;;
SUPERMERCADO;Tottus;Avda. Los Peñones S/N;IV;OVALLE;Ramon Gueraa;Supervisor;;;
SUPERMERCADO;Unimarc;CALLE MIRAFLORES 242;RM;BUIN;Tomás Mackenna;KAM SMU;;;
SUPERMERCADO;Unimarc;CALLE BALMACEDA 280;RM;BUIN;Tomás Mackenna;KAM SMU;;;
SUPERMERCADO;Unimarc;CALLE CAMINO BUIN MAIPO 3147;RM;BUIN;Tomás Mackenna;KAM SMU;;;
SUPERMERCADO;Unimarc;AVDA DORSAL 1201;RM;CONCHALÍ;Tomás Mackenna;KAM SMU;;;
SUPERMERCADO;Unimarc;AVDA LOS ZAPADORES 1320;RM;CONCHALÍ;Tomás Mackenna;KAM SMU;;;
SUPERMERCADO;Unimarc;AV. EL PALOMAR 15.25 5 - L;IV;COQUIMBO;;;;;
SUPERMERCADO;Unimarc;AVDA LAS REJAS SUR 1278;RM;ESTACIÓN CENTRAL;Tomás Mackenna;KAM SMU;;;
SUPERMERCADO;Unimarc;CALLE RAFAEL LIRA 42;RM;GRANEROS;Tomás Mackenna;KAM SMU;;;
SUPERMERCADO;Unimarc;AVDA PEDRO FONTOVA 7626;RM;HUECHURABA;Tomás Mackenna;KAM SMU;;;
SUPERMERCADO;Unimarc;AVDA SALOMON SACK 351;RM;INDEPENDENCIA;Tomás Mackenna;KAM SMU;;;
SUPERMERCADO;Unimarc;AVDA GRAN AVDA J.M. CARRERA 6555;RM;LA CISTERNA;Tomás Mackenna;KAM SMU;;;
SUPERMERCADO;Unimarc;AVDA VICUNA MACKENNA ORIE 6331;RM;LA FLORIDA;Tomás Mackenna;KAM SMU;;;
SUPERMERCADO;Unimarc;AVDA ROJAS MAGALLANES 3638;RM;LA FLORIDA;Tomás Mackenna;KAM SMU;;;
SUPERMERCADO;Unimarc;AVDA VIC. MACKENNA 9090;RM;LA FLORIDA;Tomás Mackenna;KAM SMU;;;
SUPERMERCADO;Lider;Federico Errázuriz  230 Santiago;RM;BUIN;Carlos Nuñez;KAM Walmart;Silas Ancar;Supervisor;
SUPERMERCADO;Unimarc;AVDA PRINCIPE DE GALES 7271;RM;LA REINA;Tomás Mackenna;KAM SMU;;;
SUPERMERCADO;Lider;Calle Pto. Madero 9710;RM;Central Ekono;Carlos Nuñez;KAM Walmart;Cindy Bravo;Supervisor;Corroborar Comuna (PUDAHUEL- MAIPU)
SUPERMERCADO;Lider;Av. Carrascal  6003 Santiago,Santiago;RM;Carrascal;Carlos Nuñez;KAM Walmart;Silas Ancar;Supervisor;
SUPERMERCADO;Unimarc;CALLE JOSE MIGUEL CARRERA 325;RM;LAS CABRAS;Tomás Mackenna;KAM SMU;;;
SUPERMERCADO;Unimarc;AVDA APOQUINDO 4335;RM;LAS CONDES;Tomás Mackenna;KAM SMU;;;
SUPERMERCADO;Unimarc;AVDA FRANCISCO BILBAO 2050;RM;LAS CONDES;Tomás Mackenna;KAM SMU;;;
SUPERMERCADO;Unimarc;CALLE LOS DOMINICOS 8630;RM;LAS CONDES;Tomás Mackenna;KAM SMU;;;
SUPERMERCADO;Unimarc;AVDA MANQUEHUE NORTE 457;RM;LAS CONDES;Tomás Mackenna;KAM SMU;;;
SUPERMERCADO;Unimarc;AVDA MANQUEHUE SUR 1700;RM;LAS CONDES;Tomás Mackenna;KAM SMU;;;
SUPERMERCADO;Lider;Calle Catorce de la Fama 2841;RM;CM Conchalí;Carlos Nuñez;KAM Walmart;Eduardo Castañeda;Supervisor;Central Mayorista, definir cómo quedará el sub canal, si Lider o Central Mayorista cambiando canal por OTRO
SUPERMERCADO;Lider;AVDA AMERICO VESPUCIO;RM;CERRILLOS;Carlos Nuñez;KAM Walmart;Cindy Bravo;Supervisor;
SUPERMERCADO;Unimarc;LONGUITUDINAL SUR LOCAL 24 N°4251;RM;MAIPO;Tomás Mackenna;KAM SMU;;;
SUPERMERCADO;Unimarc;AVDA SEGUNDA TRANSVERSAL 4090;RM;MAIPÚ;Tomás Mackenna;KAM SMU;;;
SUPERMERCADO;Unimarc;AVDA JORGE GUERRA 16190;RM;MAIPÚ;Tomás Mackenna;KAM SMU;;;
SUPERMERCADO;Unimarc;AVDA CUATRO PONIENTE 1197;RM;MAIPÚ;Tomás Mackenna;KAM SMU;;;
SUPERMERCADO;Unimarc;CAMINO A MELIPILLA 16860;RM;MAIPÚ;Tomás Mackenna;KAM SMU;;;
SUPERMERCADO;Unimarc;AVDA EL ROSAL 6361;RM;MAIPÚ;Tomás Mackenna;KAM SMU;;;
SUPERMERCADO;Unimarc;AVDA LOS PAJARITOS 1529;RM;MAIPÚ;Tomás Mackenna;KAM SMU;;;
SUPERMERCADO;Unimarc;AVDA CAMINO A RINCONADA 1900;RM;MAIPÚ;Tomás Mackenna;KAM SMU;;;
SUPERMERCADO;Unimarc;CALLE RENE OLIVARES BECERRA 1427;RM;MAIPÚ;Tomás Mackenna;KAM SMU;;;
SUPERMERCADO;Unimarc;CALLE STA JULIA 3857;RM;ÑUÑOA;Tomás Mackenna;KAM SMU;;;
SUPERMERCADO;Unimarc;CALLE JOSE ARTIGAS 3250;RM;ÑUÑOA;Tomás Mackenna;KAM SMU;;;
SUPERMERCADO;Unimarc;CALLE OBPO ORREGO 1250;RM;ÑUÑOA;Tomás Mackenna;KAM SMU;;;
SUPERMERCADO;Unimarc;AVDA GRECIA 320;RM;ÑUÑOA;Tomás Mackenna;KAM SMU;;;
SUPERMERCADO;Unimarc;AVDA IRARRAZAVAL 4354;RM;ÑUÑOA;Tomás Mackenna;KAM SMU;;;
SUPERMERCADO;Unimarc;AVDA IRARRAZAVAL 1740;RM;ÑUÑOA;Tomás Mackenna;KAM SMU;;;
SUPERMERCADO;Unimarc;AVDA CONSISTORIAL 2701;RM;PEÑALOLÉN;Tomás Mackenna;KAM SMU;;;
SUPERMERCADO;Unimarc;AVDA LAS PARCELAS 9001;RM;PEÑALOLÉN;Tomás Mackenna;KAM SMU;;;
SUPERMERCADO;Unimarc;AVDA TOBALABA 11855;RM;PEÑALOLÉN;Tomás Mackenna;KAM SMU;;;
SUPERMERCADO;Lider;AVDA AMERICO VESPUCIO;RM;CERRILLOS;Carlos Nuñez;KAM Walmart;Eduardo Castañeda;Supervisor;
SUPERMERCADO;Unimarc;AVDA. MANUEL MONTT 1097;RM;PROVIDENCIA;Tomás Mackenna;KAM SMU;;;
SUPERMERCADO;Lider;Av. Lo Errazuriz 1625, Cerrillos;RM;CERRILLOS;Carlos Nuñez;KAM Walmart;Silas Ancar;Supervisor;
SUPERMERCADO;Lider;Huelén 1894, Cerro Navia;RM;Cerro Navia;Carlos Nuñez;KAM Walmart;Silas Ancar;Supervisor;
SUPERMERCADO;Lider;Calle Ramón Núñez 36;RM;CM Puente Alto;Carlos Nuñez;KAM Walmart;Leonardo Poblete;Supervisor;Central Mayorista, definir cómo quedará el sub canal, si Lider o Central Mayorista cambiando canal por OTRO
SUPERMERCADO;Lider;Av. Avda Sur Esquina Carmen  411, Maipú;RM;Carmen Maipú;Carlos Nuñez;KAM Walmart;Silas Ancar;Supervisor;Corrobrar comuna
SUPERMERCADO;Lider;Camino Melipilla  18500 Maipú, Santiago;RM;Ciudad Satélite;Carlos Nuñez;KAM Walmart;Silas Ancar;Supervisor;Corrobrar comuna
SUPERMERCADO;Lider;CALLE CHICUREO;RM;COLINA;Carlos Nuñez;KAM Walmart;Eduardo Castañeda;Supervisor;
SUPERMERCADO;Unimarc;AVDA EL CANAL 19591, KM. 12,5 ruta 68;RM;PUDAHUEL;Tomás Mackenna;KAM SMU;;;
SUPERMERCADO;Unimarc;CALLE SAN PABLO 8315;RM;PUDAHUEL;Tomás Mackenna;KAM SMU;;;
SUPERMERCADO;Lider;Los Corrales 1512  , Colina;RM;COLINA;Carlos Nuñez;KAM Walmart;Eduardo Castañeda;Supervisor;
SUPERMERCADO;Unimarc;AVDA CONCHA Y TORO 3193;RM;PUENTE ALTO;Tomás Mackenna;KAM SMU;;;
SUPERMERCADO;Unimarc;CALLE GONZALO BULNES 2407;RM;QUINTA NORMAL;Tomás Mackenna;KAM SMU;;;
SUPERMERCADO;Unimarc;CALLE BRASIL  7085;RM;RENCA;Tomás Mackenna;KAM SMU;;;
SUPERMERCADO;Unimarc;AVDA PADRE HURTADO 13694;RM;SAN BERNARDO;Tomás Mackenna;KAM SMU;;;
SUPERMERCADO;Unimarc;AVDA SANTA ROSA 532;RM;SAN JOAQUÍN;Tomás Mackenna;KAM SMU;;;
SUPERMERCADO;Unimarc;AVDA GRAN AV J.M. CARRERRA 5485;RM;SAN MIGUEL;Tomás Mackenna;KAM SMU;;;
SUPERMERCADO;Lider;CALLE LOS CORRALES 1512;RM;COLINA;Carlos Nuñez;KAM Walmart;Eduardo Castañeda;Supervisor;
SUPERMERCADO;Lider;Santa Inés 2189, Conchalí;RM;CONCHALÍ;Carlos Nuñez;KAM Walmart;Silas Ancar;Supervisor;
SUPERMERCADO;Lider;Av. Prinicipal 1195;RM;CONCHALÍ;Carlos Nuñez;KAM Walmart;Silas Ancar;Supervisor;
SUPERMERCADO;Lider;Av. Padre Hurtado  15143 / Esquina condell, San Bernardo;RM;Condell;Carlos Nuñez;KAM Walmart;Silas Ancar;Supervisor;
SUPERMERCADO;Unimarc;CALLE ARTURO PRAT 295;RM;TIL TIL;Tomás Mackenna;KAM SMU;;;
SUPERMERCADO;Lider;CALLE RIQUELME;RM;EL BOSQUE;Carlos Nuñez;KAM Walmart;Eduardo Castañeda;Supervisor;
SUPERMERCADO;Unimarc;AVDA VITACURA 8400;RM;VITACURA;Tomás Mackenna;KAM SMU;;;
SUPERMERCADO;Lider;Avda Los Libertadores 453 El Monte;RM;El Monte;Carlos Nuñez;KAM Walmart;Carlos Monreal;Supervisor;
SUPERMERCADO;Lider;AVDA LIBER BERNARDO O'HIGGINS;RM;ESTACIÓN CENTRAL;Carlos Nuñez;KAM Walmart;Alex Barrera;Supervisor;
SUPERMERCADO;Unimarc;AVDA STA MARIA 6940;RM;VITACURA;Tomás Mackenna;KAM SMU;;;
SUPERMERCADO;Unimarc;AV. VITACURA 4607;RM;VITACURA;Tomás Mackenna;KAM SMU;;;
SUPERMERCADO;Lider;AVDA GRAL VELASQUEZ;RM;ESTACIÓN CENTRAL;Carlos Nuñez;KAM Walmart;Eduardo Castañeda;Supervisor;
SUPERMERCADO;Unimarc;AVDA TRONCAL SAN FRANCISCO 0;RM;PUENTE ALTO;Tomás Mackenna;KAM SMU;;;
SUPERMERCADO;Lider;Av. Eyzaguirre  3935, Puente Alto;RM;Eyzaguirre;Carlos Nuñez;KAM Walmart;Silas Ancar;Supervisor;Corrobrar comuna
SUPERMERCADO;Lider;Av. Gabriela Poniente  03960, Pte. Alto, Santiago;RM;Gabriela;Carlos Nuñez;KAM Walmart;Silas Ancar;Supervisor;Corrobrar comuna
SUPERMERCADO;Lider;Avenida La Compañía  440, Graneros;RM;Graneros;Carlos Nuñez;KAM Walmart;Ricardo Zuñiga;Supervisor;
SUPERMERCADO;Lider;AVDA PEDRO FONTOVA;RM;HUECHURABA;Carlos Nuñez;KAM Walmart;Alex Barrera;Supervisor;
SUPERMERCADO;Lider;AVDA AMERICO VESPUCIO;RM;HUECHURABA;Carlos Nuñez;KAM Walmart;Eduardo Castañeda;Supervisor;
SUPERMERCADO;Lider;AVDA INDEPENDENCIA;RM;INDEPENDENCIA;Carlos Nuñez;KAM Walmart;Eduardo Castañeda;Supervisor;
SUPERMERCADO;Unimarc;CALLE VICENTE VALDES 85;RM;PUENTE ALTO;Tomás Mackenna;KAM SMU;;;
SUPERMERCADO;Lider;Manuel Rodriguez 684;RM;Isla de Maipo;Carlos Nuñez;KAM Walmart;Silas Ancar;Supervisor;
SUPERMERCADO;Lider;Av. Caupolican  1520, Renca;RM;Jaime Guzmán;Carlos Nuñez;KAM Walmart;Silas Ancar;Supervisor;
SUPERMERCADO;Lider;AVDA SANCHEZ FONTECILLA;RM;LA FLORIDA;Carlos Nuñez;KAM Walmart;Alex Barrera;Supervisor;
SUPERMERCADO;Lider;AVDA VICUNA MACKENNA PONIENTE;RM;LA FLORIDA;Carlos Nuñez;KAM Walmart;Leonardo Poblete;Supervisor;
SUPERMERCADO;Lider;AVDA STA AMALIA;RM;LA FLORIDA;Carlos Nuñez;KAM Walmart;Leonardo Poblete;Supervisor;
SUPERMERCADO;Unimarc;AVDA LAS CONDES 14792;RM;LO BARNECHEA;Tomás Mackenna;KAM SMU;;;
SUPERMERCADO;Lider;AVDA AMERICO VESPUCIO;RM;LA FLORIDA;Carlos Nuñez;KAM Walmart;Leonardo Poblete;Supervisor;
SUPERMERCADO;Lider;CALLE FROILAN ROA;RM;LA FLORIDA;Carlos Nuñez;KAM Walmart;Leonardo Poblete;Supervisor;
SUPERMERCADO;Lider;La Florida Sotero del Rio;RM;LA FLORIDA;Carlos Nuñez;KAM Walmart;Silas Ancar;Supervisor;
SUPERMERCADO;Lider;Sofia Carmona 301;RM;La Granja;Carlos Nuñez;KAM Walmart;Silas Ancar;Supervisor;
SUPERMERCADO;Lider;Avda Gabriela;RM;La Pintana;Carlos Nuñez;KAM Walmart;Eduardo Castañeda;Supervisor;
SUPERMERCADO;Lider;AVDA JORGE ALESSANDRI;RM;LA REINA;Carlos Nuñez;KAM Walmart;Leonardo Poblete;Supervisor;
SUPERMERCADO;Lider;AVDA PRINCIPE DE GALES;RM;LA REINA;Carlos Nuñez;KAM Walmart;Leonardo Poblete;Supervisor;
SUPERMERCADO;Lider;Av. Baquedano  862, Lampa;RM;LAMPA;Carlos Nuñez;KAM Walmart;Silas Ancar;Supervisor;
SUPERMERCADO;Lider;AVDA APOQUINDO;RM;LAS CONDES;Carlos Nuñez;KAM Walmart;Alex Barrera;Supervisor;
SUPERMERCADO;Lider;AVDA IV CENTENARIO;RM;LAS CONDES;Carlos Nuñez;KAM Walmart;Alex Barrera;Supervisor;
SUPERMERCADO;Lider;AVDA AMERICO VESPUCIO NORTE;RM;LAS CONDES;Carlos Nuñez;KAM Walmart;Alex Barrera;Supervisor;
SUPERMERCADO;Lider;CALLE CAMINO EL ALBA;RM;LAS CONDES;Carlos Nuñez;KAM Walmart;Leonardo Poblete;Supervisor;
SUPERMERCADO;Unimarc;AVDA PORTUGAL 56;RM;SANTIAGO;Tomás Mackenna;KAM SMU;;;
SUPERMERCADO;Lider;AVDA TOMAS MORO;RM;LAS CONDES;Carlos Nuñez;KAM Walmart;Leonardo Poblete;Supervisor;
SUPERMERCADO;Lider;PSJE RIO MAULE;RM;LAS CONDES;Carlos Nuñez;KAM Walmart;Leonardo Poblete;Supervisor;
SUPERMERCADO;Unimarc;AVDA JOSE ALCALDE DELANO 10497;RM;LO BARNECHEA;Tomás Mackenna;KAM SMU;;;
SUPERMERCADO;Lider;CALLE LA PLAZA;RM;LAS CONDES;Carlos Nuñez;KAM Walmart;Leonardo Poblete;Supervisor;
SUPERMERCADO;Lider;CALLE EL RODEO;RM;LO BARNECHEA;Carlos Nuñez;KAM Walmart;Leonardo Poblete;Supervisor;
SUPERMERCADO;Lider;AVDA LAS CONDES;RM;LO BARNECHEA;Carlos Nuñez;KAM Walmart;Leonardo Poblete;Supervisor;
SUPERMERCADO;Lider;CALLE NEPTUNO;RM;LO PRADO;Carlos Nuñez;KAM Walmart;Eduardo Castañeda;Supervisor;
SUPERMERCADO;Lider;Av. P. Hurtado  13310 Los Morros, San Bernardo;RM;Los Morros;Carlos Nuñez;KAM Walmart;Silas Ancar;Supervisor;
SUPERMERCADO;Lider;AVDA JOSE PEDRO ALESSANDRI;RM;MACUL;Carlos Nuñez;KAM Walmart;Leonardo Poblete;Supervisor;
SUPERMERCADO;Lider;CALLE CRNEL RAMON FREIRE;RM;MAIPÚ;Carlos Nuñez;KAM Walmart;Alex Barrera;Supervisor;
SUPERMERCADO;Lider;Americo vespucio 1122, Maipu;RM;MAIPÚ;Carlos Nuñez;KAM Walmart;Alex Barrera;Supervisor;
SUPERMERCADO;Lider;AVDA AMERICO VESPUCIO;RM;MAIPÚ;Carlos Nuñez;KAM Walmart;Eduardo Castañeda;Supervisor;
SUPERMERCADO;Lider;CALLE CRNEL RAMON FREIRE;RM;MAIPÚ;Carlos Nuñez;KAM Walmart;Eduardo Castañeda;Supervisor;
SUPERMERCADO;Lider;AVDA LOS PAJARITOS;RM;MAIPÚ;Carlos Nuñez;KAM Walmart;Eduardo Castañeda;Supervisor;
SUPERMERCADO;Lider;AVDA TRES PONIENTE;RM;MAIPÚ;Carlos Nuñez;KAM Walmart;Eduardo Castañeda;Supervisor;
SUPERMERCADO;Lider;AV. RINCONADA 2525, MAIPU;RM;MAIPÚ;Carlos Nuñez;KAM Walmart;Silas Ancar;Supervisor;
SUPERMERCADO;Lider;AVDA VICUÑA MACKENNA;RM;MELIPILLA;Carlos Nuñez;KAM Walmart;Carlos Monreal;Supervisor;
SUPERMERCADO;Unimarc;CALLE ESTADO 85;RM;SANTIAGO;Tomás Mackenna;KAM SMU;;;
SUPERMERCADO;Lider;AVDA GRECIA;RM;ÑUÑOA;Carlos Nuñez;KAM Walmart;Alex Barrera;Supervisor;
SUPERMERCADO;Lider;AVDA IRARRAZAVAL;RM;ÑUÑOA;Carlos Nuñez;KAM Walmart;Alex Barrera;Supervisor;
SUPERMERCADO;Lider;IRARRAZAVAL AV. 2410, NUÑOA;RM;ÑUÑOA;Carlos Nuñez;KAM Walmart;Alex Barrera;Supervisor;
SUPERMERCADO;Lider;AVDA IRARRAZAVAL;RM;ÑUÑOA;Carlos Nuñez;KAM Walmart;Leonardo Poblete;Supervisor;
SUPERMERCADO;Lider;AVDA AMERICO VESPUCIO;RM;ÑUÑOA;Carlos Nuñez;KAM Walmart;Leonardo Poblete;Supervisor;
SUPERMERCADO;Unimarc;CALLE COMPAÑIA DE JESUS 1214;RM;SANTIAGO;Tomás Mackenna;KAM SMU;;;
SUPERMERCADO;Lider;Av. Tobalaba  10831 Peñalolen;RM;Orientales;Carlos Nuñez;KAM Walmart;Silas Ancar;Supervisor;Corrobrar comuna
SUPERMERCADO;Lider;Av. 18 de Septiembre  311 Paine;RM;Paine;Carlos Nuñez;KAM Walmart;Silas Ancar;Supervisor;
SUPERMERCADO;Lider;Av. Clotario Blest  5470, Santiago;RM;Panoteca Clotario Blest;Carlos Nuñez;KAM Walmart;Silas Ancar;Supervisor;Corrobrar comuna
SUPERMERCADO;Lider;Av. Lo Ovalle  2356, Santiago;RM;Panoteca Lo Ovalle;Carlos Nuñez;KAM Walmart;Silas Ancar;Supervisor;Corrobrar comuna
SUPERMERCADO;Lider;Av. 21 de Mayo  841, Peñaflor;RM;Peñaflor;Carlos Nuñez;KAM Walmart;Silas Ancar;Supervisor;
SUPERMERCADO;Unimarc;CALLE PORTUGAL 579;RM;SANTIAGO;Tomás Mackenna;KAM SMU;;;
SUPERMERCADO;Lider;AVDA CONSISTORIAL;RM;PEÑALOLÉN;Carlos Nuñez;KAM Walmart;Alex Barrera;Supervisor;
SUPERMERCADO;Lider;AVDA AMERICO VESPUCIO;RM;PEÑALOLÉN;Carlos Nuñez;KAM Walmart;Leonardo Poblete;Supervisor;
SUPERMERCADO;Lider;Vicuña Mackenna  998 Renca;RM;Petersen;Carlos Nuñez;KAM Walmart;Silas Ancar;Supervisor;Corrobrar comuna
SUPERMERCADO;Lider;CALLE RANCAGUA;RM;PROVIDENCIA;Carlos Nuñez;KAM Walmart;Alex Barrera;Supervisor;
SUPERMERCADO;Lider;AVDA 11 DE SEPTIEMBRE;RM;PROVIDENCIA;Carlos Nuñez;KAM Walmart;Alex Barrera;Supervisor;
SUPERMERCADO;Lider;AVDA MANUEL MONTT;RM;PROVIDENCIA;Carlos Nuñez;KAM Walmart;Alex Barrera;Supervisor;
SUPERMERCADO;Lider;CALLE LAS CAMELIAS;RM;PROVIDENCIA;Carlos Nuñez;KAM Walmart;Alex Barrera;Supervisor;
SUPERMERCADO;Lider;Sta Isabel;RM;PROVIDENCIA;Carlos Nuñez;KAM Walmart;Alex Barrera;Supervisor;
SUPERMERCADO;Lider;AVDA PEDRO DE VALDIVIA;RM;PROVIDENCIA;Carlos Nuñez;KAM Walmart;Leonardo Poblete;Supervisor;
SUPERMERCADO;Lider;AVDA LAGUNA SUR;RM;PUDAHUEL;Carlos Nuñez;KAM Walmart;Cindy Bravo;Supervisor;
SUPERMERCADO;Lider;AVDA NONATO COO;RM;PUENTE ALTO;Carlos Nuñez;KAM Walmart;Alex Barrera;Supervisor;
SUPERMERCADO;Lider;AVDA DIEGO PORTALES;RM;PUENTE ALTO;Carlos Nuñez;KAM Walmart;Alex Barrera;Supervisor;
SUPERMERCADO;Lider;AVDA MEXICO;RM;PUENTE ALTO;Carlos Nuñez;KAM Walmart;Alex Barrera;Supervisor;
SUPERMERCADO;Lider;AVDA CONCHA Y TORO;RM;PUENTE ALTO;Carlos Nuñez;KAM Walmart;Leonardo Poblete;Supervisor;
SUPERMERCADO;Lider;AVDA LOS TOROS;RM;PUENTE ALTO;Carlos Nuñez;KAM Walmart;Leonardo Poblete;Supervisor;
SUPERMERCADO;Lider;Av. Domingo Tocornal 369;RM;PUENTE ALTO;Carlos Nuñez;KAM Walmart;Silas Ancar;Supervisor;
SUPERMERCADO;Lider;Eyzaguirre Oriente 1981;RM;PUENTE ALTO;Carlos Nuñez;KAM Walmart;Silas Ancar;Supervisor;
SUPERMERCADO;Lider;AVDA LIBER BERNARDO O'HIGGINS;RM;QUILICURA;Carlos Nuñez;KAM Walmart;Eduardo Castañeda;Supervisor;
SUPERMERCADO;Lider;Avenida Matta 1400, Quilicura;RM;QUILICURA;Carlos Nuñez;KAM Walmart;Silas Ancar;Supervisor;
SUPERMERCADO;Lider;AVDA MATUCANA;RM;QUINTA NORMAL;Carlos Nuñez;KAM Walmart;Eduardo Castañeda;Supervisor;
SUPERMERCADO;Lider;AVDA RECOLETA;RM;RECOLETA;Carlos Nuñez;KAM Walmart;Eduardo Castañeda;Supervisor;
SUPERMERCADO;Lider;Av. Recoleta  5252 Huechuraba;RM;Recoleta Norte;Carlos Nuñez;KAM Walmart;Silas Ancar;Supervisor;Corrobrar comuna
SUPERMERCADO;Lider;CALLE URMENETA;RM;SAN BERNARDO;Carlos Nuñez;KAM Walmart;Alex Barrera;Supervisor;
SUPERMERCADO;Lider;AVDA SAN JOSE;RM;SAN BERNARDO;Carlos Nuñez;KAM Walmart;Eduardo Castañeda;Supervisor;
SUPERMERCADO;Lider;AVDA PORTALES;RM;SAN BERNARDO;Carlos Nuñez;KAM Walmart;Eduardo Castañeda;Supervisor;
SUPERMERCADO;Lider;Eucaliptus 81, San Bernardo;RM;SAN BERNARDO;Carlos Nuñez;KAM Walmart;Silas Ancar;Supervisor;
SUPERMERCADO;Lider;AVDA VICUNA MACKENNA N° 3361;RM;SAN JOAQUÍN;Carlos Nuñez;KAM Walmart;Leonardo Poblete;Supervisor;
SUPERMERCADO;Lider;AVDA GRAN AVDA JOSE MIGUEL CARRERA;RM;SAN MIGUEL;Carlos Nuñez;KAM Walmart;Alex Barrera;Supervisor;
SUPERMERCADO;Lider;AVDA GRAN AVDA JOSE MIGUEL CARRERA;RM;SAN MIGUEL;Carlos Nuñez;KAM Walmart;Eduardo Castañeda;Supervisor;
SUPERMERCADO;Lider;AVDA STA ROSA;RM;SAN RAMON;Carlos Nuñez;KAM Walmart;Eduardo Castañeda;Supervisor;
SUPERMERCADO;Lider;Av. Santa Rosa  7936 Santiago,Santiago;RM;Santa Rosa;Carlos Nuñez;KAM Walmart;Silas Ancar;Supervisor;
SUPERMERCADO;Lider;CALLE HUERFANOS;RM;SANTIAGO;Carlos Nuñez;KAM Walmart;Alex Barrera;Supervisor;
SUPERMERCADO;Lider;CALLE MERCED;RM;SANTIAGO;Carlos Nuñez;KAM Walmart;Alex Barrera;Supervisor;
SUPERMERCADO;Lider;AVDA DIEZ DE JULIO HUAMACHUCO;RM;SANTIAGO;Carlos Nuñez;KAM Walmart;Alex Barrera;Supervisor;
SUPERMERCADO;Lider;CALLE STO DOMINGO;RM;SANTIAGO;Carlos Nuñez;KAM Walmart;Alex Barrera;Supervisor;
SUPERMERCADO;Lider;CALLE SAN PABLO;RM;SANTIAGO;Carlos Nuñez;KAM Walmart;Alex Barrera;Supervisor;
SUPERMERCADO;Lider;CALLE PADRE ALONSO DE 730, Loc 699;RM;SANTIAGO;Carlos Nuñez;KAM Walmart;Alex Barrera;Supervisor;
SUPERMERCADO;Lider;AVDA SAN MARTíN 35;RM;SANTIAGO;Carlos Nuñez;KAM Walmart;Alex Barrera;Supervisor;
SUPERMERCADO;Lider;AVDA LIBERTADOR BERNARDO O`HIGGINS;RM;TALAGANTE;Carlos Nuñez;KAM Walmart;Eduardo Castañeda;Supervisor;
SUPERMERCADO;Lider;Av. La Travesía  7127,Pudahuel, Santiago;RM;Travesia;Carlos Nuñez;KAM Walmart;Silas Ancar;Supervisor;
SUPERMERCADO;Lider;CALLE BUENAVENTURA;RM;VITACURA;Carlos Nuñez;KAM Walmart;Leonardo Poblete;Supervisor;
SUPERMERCADO;Unimarc;AVDA FRANCIA 640;RM;LAMPA;Tomás Mackenna;KAM SMU;;;
SUPERMERCADO;Unimarc;CALLE ARTURO PRAT 681;RM;LAMPA;Tomás Mackenna;KAM SMU;;;
SUPERMERCADO;Unimarc;CALLE LOS HALCONES 2180;RM;LAMPA;Tomás Mackenna;KAM SMU;;;
SUPERMERCADO;Lider;AVDA VITACURA;RM;VITACURA;Carlos Nuñez;KAM Walmart;Leonardo Poblete;Supervisor;
SUPERMERCADO;Lider;Av. San Fermin Vivaceta  827, Santiago;RM;VIVACETA;Carlos Nuñez;KAM Walmart;Silas Ancar;Supervisor;
SUPERMERCADO;SANTA ISABEL;CALLE CAMINO A LONQUEN S/N;RM;CALERA DE TANGO;Diego Chamy;KAM Cencosud;Aliro Merida;;
SUPERMERCADO;SANTA ISABEL;18 de Septiembre;RM;PAINE;Diego Chamy;KAM Cencosud;Aliro Merida;;
SUPERMERCADO;SANTA ISABEL;AVDA CARD JOSE MARIA CARO 1771;RM;CONCHALÍ;Diego Chamy;KAM Cencosud;Aliro Merida;;
SUPERMERCADO;SANTA ISABEL;AVDA INDEPENDENCIA 3160;RM;CONCHALÍ;Diego Chamy;KAM Cencosud;Aliro Merida;;
SUPERMERCADO;SANTA ISABEL;AVDA PEDRO FONTOVA 7789;RM;HUECHURABA;Diego Chamy;KAM Cencosud;Aliro Merida;;
SUPERMERCADO;SANTA ISABEL;AVDA FERMIN VIVACETA 957;RM;INDEPENDENCIA;Diego Chamy;KAM Cencosud;Aliro Merida;;
SUPERMERCADO;SANTA ISABEL;AVDA MANUEL ANTONIO MATTA 737;RM;QUILICURA;Diego Chamy;KAM Cencosud;Aliro Merida;;
SUPERMERCADO;SANTA ISABEL;AVDA LAS TORRES 450;RM;QUILICURA;Diego Chamy;KAM Cencosud;Aliro Merida;;
SUPERMERCADO;SANTA ISABEL;CALLE GRAL SAN MARTIN 47;RM;LAMPA;Diego Chamy;KAM Cencosud;Aliro Merida;;
SUPERMERCADO;SANTA ISABEL;AVDA LO MARCOLETA 361;RM;QUILICURA;Diego Chamy;KAM Cencosud;Aliro Merida;;
SUPERMERCADO;SANTA ISABEL;CALLE JOSE JOAQUIN PEREZ 7259;RM;CERRO NAVIA;Diego Chamy;KAM Cencosud;Aliro Merida;;
SUPERMERCADO;SANTA ISABEL;AVDA LIBER BERNARDO O'HIGGINS 3370;RM;ESTACIÓN CENTRAL;Diego Chamy;KAM Cencosud;Aliro Merida;;
SUPERMERCADO;SANTA ISABEL;AVDA ECUADOR 5455;RM;LO PRADO;Diego Chamy;KAM Cencosud;Aliro Merida;;
SUPERMERCADO;SANTA ISABEL;AVDA LOS PAJARITOS 4909;RM;MAIPU;Diego Chamy;KAM Cencosud;Aliro Merida;;
SUPERMERCADO;SANTA ISABEL;AVDA 5 DE ABRIL 216;RM;MAIPU;Diego Chamy;KAM Cencosud;Aliro Merida;;
SUPERMERCADO;SANTA ISABEL;AVDA PARQUE CENTRAL PONIENTE 1040;RM;MAIPU;Diego Chamy;KAM Cencosud;Aliro Merida;;
SUPERMERCADO;SANTA ISABEL;AVDA AMERICO VESPUCIO 51;RM;MAIPU;Diego Chamy;KAM Cencosud;Aliro Merida;;
SUPERMERCADO;SANTA ISABEL;AVDA EL ROSAL 1391;RM;MAIPU;Diego Chamy;KAM Cencosud;Aliro Merida;;
SUPERMERCADO;SANTA ISABEL;AVDA TRES PONIENTE 2600;RM;MAIPU;Diego Chamy;KAM Cencosud;Aliro Merida;;
SUPERMERCADO;SANTA ISABEL;AVDA ALCALDE JOSE LUIS INFANTE 1320;RM;MAIPU;Diego Chamy;KAM Cencosud;Aliro Merida;;
SUPERMERCADO;SANTA ISABEL;AVDA LOS PAJARITOS 1948;RM;MAIPU;Diego Chamy;KAM Cencosud;Aliro Merida;;
SUPERMERCADO;SANTA ISABEL;CALLE SAN PABLO 4870;RM;QUINTA NORMAL;Diego Chamy;KAM Cencosud;Aliro Merida;;
SUPERMERCADO;SANTA ISABEL;AVDA SALVADOR GUTIERREZ;RM;QUINTA NORMAL;Diego Chamy;KAM Cencosud;Aliro Merida;;
SUPERMERCADO;SANTA ISABEL;AVDA DOMINGO STA MARIA 3962;RM;RENCA;Diego Chamy;KAM Cencosud;Aliro Merida;;
SUPERMERCADO;SANTA ISABEL;CALLE HUERFANOS 1437;RM;SANTIAGO;Diego Chamy;KAM Cencosud;Aliro Merida;;
SUPERMERCADO;SANTA ISABEL;CALLE ALMTE LATORRE 310;RM;SANTIAGO;Diego Chamy;KAM Cencosud;Aliro Merida;;
SUPERMERCADO;SANTA ISABEL;CALLE ISMAEL VALDES VERGARA 838;RM;SANTIAGO;Diego Chamy;KAM Cencosud;Aliro Merida;;
SUPERMERCADO;SANTA ISABEL;CALLE SAN MARTIN 29;RM;SANTIAGO;Diego Chamy;KAM Cencosud;Aliro Merida;;
SUPERMERCADO;SANTA ISABEL;CALLE SAN DIEGO 235;RM;SANTIAGO;Diego Chamy;KAM Cencosud;Aliro Merida;;
SUPERMERCADO;SANTA ISABEL;CALLE BANDERA 201;RM;SANTIAGO;Diego Chamy;KAM Cencosud;Aliro Merida;;
SUPERMERCADO;SANTA ISABEL;CALLE COMPAÑIA 2305;RM;SANTIAGO;Diego Chamy;KAM Cencosud;Aliro Merida;;
SUPERMERCADO;SANTA ISABEL;AVDA  O´HIGGINS 1689;RM;CURACAVI;Diego Chamy;KAM Cencosud;Aliro Merida;;
SUPERMERCADO;SANTA ISABEL;AVDA VICUNA MACKENNA 2003;RM;PEÑAFLOR;Diego Chamy;KAM Cencosud;Aliro Merida;;
SUPERMERCADO;SANTA ISABEL;AVDA  RECOLETA;RM;RECOLETA;Diego Chamy;KAM Cencosud;Aliro Merida;;
SUPERMERCADO;SANTA ISABEL;ISLA DE MAIPO;RM;ISLA DE MAIPO;Diego Chamy;KAM Cencosud;Aliro Merida;;
SUPERMERCADO;SANTA ISABEL;COLINA  VALLE ALEGRE;RM;COLINA;Diego Chamy;KAM Cencosud;Aliro Merida;;
SUPERMERCADO;SANTA ISABEL;Bosques de Maipu;RM;MAIPÚ;Diego Chamy;KAM Cencosud;Aliro Merida;;
SUPERMERCADO;SANTA ISABEL;CALLE CARLOS OSSANDON 1301;RM;LA REINA;Diego Chamy;KAM Cencosud;Alvaro Jeldes;;
SUPERMERCADO;SANTA ISABEL;AVDA LARRAIN 6677;RM;LA REINA;Diego Chamy;KAM Cencosud;Alvaro Jeldes;;
SUPERMERCADO;SANTA ISABEL;AVDA APOQUINDO 7200;RM;LAS CONDES;Diego Chamy;KAM Cencosud;Alvaro Jeldes;;
SUPERMERCADO;SANTA ISABEL;AVDA APOQUINDO 8450;RM;LAS CONDES;Diego Chamy;KAM Cencosud;Alvaro Jeldes;;
SUPERMERCADO;SANTA ISABEL;AVDA MANQUEHUE SUR 329;RM;LAS CONDES;Diego Chamy;KAM Cencosud;Alvaro Jeldes;;
SUPERMERCADO;SANTA ISABEL;AVDA PADRE HURTADO SUR 1621;RM;LAS CONDES;Diego Chamy;KAM Cencosud;Alvaro Jeldes;;
SUPERMERCADO;SANTA ISABEL;AVDA LAS CONDES 12207;RM;LAS CONDES;Diego Chamy;KAM Cencosud;Alvaro Jeldes;;
SUPERMERCADO;SANTA ISABEL;AVDA VICUNA MACKENNA 1048;RM;ÑUÑOA;Diego Chamy;KAM Cencosud;Alvaro Jeldes;;
SUPERMERCADO;SANTA ISABEL;AVDA PEDRO DE VALDIVIA 3402;RM;ÑUÑOA;Diego Chamy;KAM Cencosud;Alvaro Jeldes;;
SUPERMERCADO;SANTA ISABEL;AVDA FRANCISCO BILBAO 2855;RM;PROVIDENCIA;Diego Chamy;KAM Cencosud;Alvaro Jeldes;;
SUPERMERCADO;SANTA ISABEL;AVDA PROVIDENCIA 2178;RM;PROVIDENCIA;Diego Chamy;KAM Cencosud;Alvaro Jeldes;;
SUPERMERCADO;SANTA ISABEL;AVDA STA ROSA 2055;RM;SANTIAGO;Diego Chamy;KAM Cencosud;Alvaro Jeldes;;
SUPERMERCADO;SANTA ISABEL;AVDA VITACURA 6255;RM;VITACURA;Diego Chamy;KAM Cencosud;Alvaro Jeldes;;
SUPERMERCADO;SANTA ISABEL;AVDA PORTUGAL 112;RM;SANTIAGO;Diego Chamy;KAM Cencosud;Alvaro Jeldes;;
SUPERMERCADO;SANTA ISABEL;AVDA GRAN AVDA JOSE MIGUEL CAR 9863;RM;EL BOSQUE;Diego Chamy;KAM Cencosud;Alvaro Jeldes;;
SUPERMERCADO;SANTA ISABEL;AVDA GRAN AVDA JOSE MIGUEL CAR 6610;RM;LA CISTERNA;Diego Chamy;KAM Cencosud;Alvaro Jeldes;;
SUPERMERCADO;SANTA ISABEL;AVDA OSSA 36;RM;LA CISTERNA;Diego Chamy;KAM Cencosud;Alvaro Jeldes;;
SUPERMERCADO;SANTA ISABEL;AVDA LA FLORIDA 10149;RM;LA FLORIDA;Diego Chamy;KAM Cencosud;Alvaro Jeldes;;
SUPERMERCADO;SANTA ISABEL;AVDA LA FLORIDA 9385;RM;LA FLORIDA;Diego Chamy;KAM Cencosud;Alvaro Jeldes;;
SUPERMERCADO;SANTA ISABEL;AVDA WALKER MARTINEZ 1786;RM;LA FLORIDA;Diego Chamy;KAM Cencosud;Alvaro Jeldes;;
SUPERMERCADO;SANTA ISABEL;AVDA VICUNA MACKENNA 11145;RM;LA FLORIDA;Diego Chamy;KAM Cencosud;Alvaro Jeldes;;
SUPERMERCADO;SANTA ISABEL;AVDA TRINIDAD 125;RM;LA FLORIDA;Diego Chamy;KAM Cencosud;Alvaro Jeldes;;
SUPERMERCADO;SANTA ISABEL;AVDA STA ROSA 7678;RM;LA GRANJA;Diego Chamy;KAM Cencosud;Alvaro Jeldes;;
SUPERMERCADO;SANTA ISABEL;CALLE LOS PENSAMIENTOS 10620;RM;LA GRANJA;Diego Chamy;KAM Cencosud;Alvaro Jeldes;;
SUPERMERCADO;SANTA ISABEL;AVDA JOAQUIN EDWARDS BELLO 10670;RM;LA GRANJA;Diego Chamy;KAM Cencosud;Alvaro Jeldes;;
SUPERMERCADO;SANTA ISABEL;AVDA STA ROSA 13015;RM;LA PINTANA;Diego Chamy;KAM Cencosud;Alvaro Jeldes;;
SUPERMERCADO;SANTA ISABEL;AVDA ALCALDE CARLOS VALDOVINOS 2020;RM;PEDRO AGUIRRE CERDA;Diego Chamy;KAM Cencosud;Alvaro Jeldes;;
SUPERMERCADO;SANTA ISABEL;AVDA JOSE JOAQUIN PRIETO 5531;RM;PEDRO AGUIRRE CERDA;Diego Chamy;KAM Cencosud;Alvaro Jeldes;;
SUPERMERCADO;SANTA ISABEL;AVDA TOBALABA 13949;RM;PEÑALOLÉN;Diego Chamy;KAM Cencosud;Alvaro Jeldes;;
SUPERMERCADO;SANTA ISABEL;AVDA GRECIA 5791;RM;PEÑALOLÉN;Diego Chamy;KAM Cencosud;Alvaro Jeldes;;
SUPERMERCADO;SANTA ISABEL;AVDA CONCHA Y TORO 982;RM;PUENTE ALTO;Diego Chamy;KAM Cencosud;Alvaro Jeldes;;
SUPERMERCADO;SANTA ISABEL;AVDA EUCALIPTUS;RM;SAN BERNARDO;Diego Chamy;KAM Cencosud;Alvaro Jeldes;;
SUPERMERCADO;SANTA ISABEL;CALLE ISLA PORTEZUELO 615;RM;PUDAHUEL;Diego Chamy;KAM Cencosud;Alvaro Jeldes;;
SUPERMERCADO;SANTA ISABEL;PEÑON;RM;SAN JOSE DE MAIPO;Diego Chamy;KAM Cencosud;Alvaro Jeldes;;
SUPERMERCADO;SANTA ISABEL;LA REINA;RM;LA REINA;Diego Chamy;KAM Cencosud;Alvaro Jeldes;;
SUPERMERCADO;SANTA ISABEL;ALMIRANTE RIVEROS;RM;SAN BERNARDO;Diego Chamy;KAM Cencosud;Alvaro Jeldes;;
;OTRO;EASY;LA REINA;RM;LA REINA;Diego Chamy;KAM Cencosud;Claudio Contreras;;
;OTRO;EASY;CAMINO CHICUREO 230, LOTEO A1;RM;COLINA;Diego Chamy;KAM Cencosud;Aliro Merida;;
;OTRO;EASY;FLORIDA;RM;LA FLORIDA;Diego Chamy;KAM Cencosud;Claudio Contreras;;
;OTRO;EASY;AVDA PDTE KENNEDY;RM;LAS CONDES;Diego Chamy;KAM Cencosud;Claudio Contreras;;
;OTRO;EASY;AVDA ANDRES BELLO;RM;PROVIDENCIA;Diego Chamy;KAM Cencosud;Claudio Contreras;;
;OTRO;EASY;AVDA AMERICO VESPUCIO;RM;MAIPU;Diego Chamy;KAM Cencosud;Claudio Contreras;;
;OTRO;EASY;CALLE LLANO SUBERCASEAUX;RM;SAN MIGUEL;Diego Chamy;KAM Cencosud;Claudio Contreras;;
;OTRO;EASY;AVDA LA DEHESA;RM;LO BARNECHEA;Diego Chamy;KAM Cencosud;Claudio Contreras;;
;OTRO;EASY;AVDA CONCHA Y TORO;RM;PUENTE ALTO;Diego Chamy;KAM Cencosud;Claudio Contreras;;
;OTRO;EASY;QUILIN;RM;PEÑALOLÉN;Diego Chamy;KAM Cencosud;Claudio Contreras;;
;OTRO;EASY;AVDA JOSE JOAQUIN PRIETO VIAL;RM;PEDRO AGUIRRE CERDA;Diego Chamy;KAM Cencosud;Alvaro Jeldes;;
;OTRO;EASY;AVDA LO MARCOLETA;RM;QUILICURA;Diego Chamy;KAM Cencosud;Aliro Merida;;
;OTRO;EASY;CALLE CAMINO A MELIPILLA;RM;MAIPU;Diego Chamy;KAM Cencosud;Aliro Merida;;
SUPERMERCADO;JUMBO;AVDA AMERICO VESPUCIO 01001;RM;MAIPU;Diego Chamy;KAM Cencosud;Claudio Contreras;;
SUPERMERCADO;JUMBO;AVDA AMERICO VESPUCIO 1001;RM;MAIPU;Diego Chamy;KAM Cencosud;Claudio Contreras;;
SUPERMERCADO;JUMBO;AVDA AMERICO VESPUCIO 1001.;RM;MAIPU;Diego Chamy;KAM Cencosud;Claudio Contreras;;
SUPERMERCADO;JUMBO;AVDA CONCHA Y TORO  3854;RM;PUENTE ALTO;Diego Chamy;KAM Cencosud;Claudio Contreras;;
SUPERMERCADO;JUMBO;AVDA CONCHA Y TORO 3854;RM;PUENTE ALTO;Diego Chamy;KAM Cencosud;Claudio Contreras;;
SUPERMERCADO;JUMBO;AVDA FRANCISCO BILBAO  8750;RM;PUENTE ALTO;Diego Chamy;KAM Cencosud;Claudio Contreras;;
SUPERMERCADO;JUMBO;AVDA FRANCISCO BILBAO .8750 8750;RM;LAS CONDES;Diego Chamy;KAM Cencosud;Claudio Contreras;;
SUPERMERCADO;JUMBO;AVDA FRANCISCO BILBAO 8750;RM;LAS CONDES;Diego Chamy;KAM Cencosud;Claudio Contreras;;
SUPERMERCADO;JUMBO;AVDA FRANCISCO BILBAO  4144;RM;LAS CONDES;Diego Chamy;KAM Cencosud;Claudio Contreras;;
SUPERMERCADO;JUMBO;AVDA FRANCISCO BILBAO 4144;RM;LAS CONDES;Diego Chamy;KAM Cencosud;Claudio Contreras;;
SUPERMERCADO;JUMBO;AVDA JOSE PEDRO ALESSANDRI  1132;RM;MACUL;Diego Chamy;KAM Cencosud;Claudio Contreras;;
SUPERMERCADO;JUMBO;AVDA JOSE PEDRO ALESSANDRI 1132;RM;MACUL;Diego Chamy;KAM Cencosud;Claudio Contreras;;
SUPERMERCADO;JUMBO;AVDA LA DEHESA  1445;RM;LO BARNECHEA;Diego Chamy;KAM Cencosud;Claudio Contreras;;
SUPERMERCADO;JUMBO;AVDA LA DEHESA 01445;RM;LO BARNECHEA;Diego Chamy;KAM Cencosud;Claudio Contreras;;
SUPERMERCADO;JUMBO;AVDA LA DEHESA 1445;RM;LO BARNECHEA;Diego Chamy;KAM Cencosud;Claudio Contreras;;
SUPERMERCADO;JUMBO;AVDA LOS PAJARITOS 3302;RM;MAIPU;Diego Chamy;KAM Cencosud;Claudio Contreras;;
SUPERMERCADO;JUMBO;AVDA MARIANO SANCHEZ FONTECIL 12000;RM;PEÑALOLÉN;Diego Chamy;KAM Cencosud;Claudio Contreras;;
SUPERMERCADO;JUMBO;AVDA MARIANO SANCHEZ FONTECIL 12001;RM;PEÑALOLÉN;Diego Chamy;KAM Cencosud;Claudio Contreras;;
SUPERMERCADO;JUMBO;AVDA PDTE KENNEDY  9253;RM;LAS CONDES;Diego Chamy;KAM Cencosud;Claudio Contreras;;
SUPERMERCADO;JUMBO;AVDA PDTE KENNEDY 09001, LOC 1002;RM;LAS CONDES;Diego Chamy;KAM Cencosud;Claudio Contreras;;
SUPERMERCADO;JUMBO;AVDA PDTE KENNEDY 9253;RM;LAS CONDES;Diego Chamy;KAM Cencosud;Claudio Contreras;;
SUPERMERCADO;JUMBO;AVDA VICUNA MACKENNA ORIENTE  6100;RM;LA FLORIDA;Diego Chamy;KAM Cencosud;Claudio Contreras;;
SUPERMERCADO;JUMBO;AVDA VICUNA MACKENNA ORIENTE .6100;RM;LA FLORIDA;Diego Chamy;KAM Cencosud;Claudio Contreras;;
SUPERMERCADO;JUMBO;AVDA VICUNA MACKENNA ORIENTE 6100;RM;LA FLORIDA;Diego Chamy;KAM Cencosud;Claudio Contreras;;
SUPERMERCADO;JUMBO;CALLE CAMINO EL ALBA 11969;RM;LAS CONDES;Diego Chamy;KAM Cencosud;Claudio Contreras;;
SUPERMERCADO;JUMBO;CALLE CAMINO EL ALBA 11970;RM;LAS CONDES;Diego Chamy;KAM Cencosud;Claudio Contreras;;
SUPERMERCADO;JUMBO;CALLE LLANO SUBERCASEAUX  3519;RM;SAN MIGUEL;Diego Chamy;KAM Cencosud;Claudio Contreras;;
SUPERMERCADO;JUMBO;CALLE LLANO SUBERCASEAUX .3519;RM;SAN MIGUEL;Diego Chamy;KAM Cencosud;Claudio Contreras;;
SUPERMERCADO;JUMBO;CALLE LLANO SUBERCASEAUX 3519;RM;SAN MIGUEL;Diego Chamy;KAM Cencosud;Claudio Contreras;;
SUPERMERCADO;JUMBO;CALLE STO DOMINGO 67;RM;PUENTE ALTO;Diego Chamy;KAM Cencosud;Claudio Contreras;;
SUPERMERCADO;JUMBO;CALLE EDUARDO MARQU 3932, Supermerc;RM;VITACURA;Diego Chamy;KAM Cencosud;Claudio Contreras;;
SUPERMERCADO;JUMBO;CALLE EDUARDO MARQU 3932, cafeteria;RM;VITACURA;Diego Chamy;KAM Cencosud;Claudio Contreras;;
SUPERMERCADO;JUMBO;CALLE EDUARDO MARQU 3932, Rincon;RM;VITACURA;Diego Chamy;KAM Cencosud;Claudio Contreras;;
SUPERMERCADO;JUMBO;AVDA ANDRES BELLO   COSTANERA;RM;PROVIDENCIA;Diego Chamy;KAM Cencosud;Claudio Contreras;;
SUPERMERCADO;JUMBO;AVDA ANDRES BELLO   RINCON;RM;PROVIDENCIA;Diego Chamy;KAM Cencosud;Claudio Contreras;;
SUPERMERCADO;JUMBO;AVDA ANDRES BELLO   CAFETERIA;RM;PROVIDENCIA;Diego Chamy;KAM Cencosud;Claudio Contreras;;
SUPERMERCADO;JUMBO;CALLE LOS TRAPENSES 3515;RM;LO BARNECHEA;Diego Chamy;KAM Cencosud;Claudio Contreras;;
SUPERMERCADO;JUMBO;CALLE LOS TRAPENSES 3515;RM;LO BARNECHEA;Diego Chamy;KAM Cencosud;Claudio Contreras;;
SUPERMERCADO;JUMBO;CALLE CAMINO LONGITUDIN, FDO LS LIL;RM;SAN BERNARDO;Diego Chamy;KAM Cencosud;Claudio Contreras;;
SUPERMERCADO;JUMBO;SAN BERNARDO;RM;SAN BERNARDO;Diego Chamy;KAM Cencosud;Claudio Contreras;;
SUPERMERCADO;JUMBO;AVDA STA MARIA 14601;RM;COLINA;Diego Chamy;KAM Cencosud;Claudio Contreras;;
SUPERMERCADO;Montserrat;CALLE JOSE MANUEL BALMACEDA  899;RM;BUIN;Matias Valdecantos;KAM Tottus.otros;Pablo Imihuala;supervisor;
SUPERMERCADO;Montserrat;GRAL. SAN MARTIN 0260;RM;COLINA;Matias Valdecantos;KAM Tottus.otros;Leonardo Quintana;supervisor;
SUPERMERCADO;Montserrat;CARRETERA GRAL SAN MAR 0, S/N KM 10;RM;COLINA;Matias Valdecantos;KAM Tottus.otros;Leonardo Quintana;supervisor;
SUPERMERCADO;Montserrat;INDEPENDENCIA 3601;RM;CONCHALÍ;Matias Valdecantos;KAM Tottus.otros;Leonardo Quintana;supervisor;
SUPERMERCADO;Montserrat;AVDA PDTE EDUARDO FREI MONTALV 4475;RM;CONCHALÍ;Matias Valdecantos;KAM Tottus.otros;;supervisor;
SUPERMERCADO;Montserrat;AVDA GRAN AVDA JOSE MIGUEL CA 13125;RM;EL BOSQUE;Matias Valdecantos;KAM Tottus.otros;Pablo Imihuala;supervisor;
SUPERMERCADO;Montserrat;AVDA INDEPENDENCIA 2127;RM;INDEPENDENCIA;Matias Valdecantos;KAM Tottus.otros;Leonardo Quintana;supervisor;
SUPERMERCADO;Montserrat;AVDA SANTELICES 641;RM;ISLA DE MAIPO;Matias Valdecantos;KAM Tottus.otros;Pablo Imihuala;supervisor;
SUPERMERCADO;Montserrat;AVDA AMERICO VESPUCIO 7500, SUR;RM;LA FLORIDA;Matias Valdecantos;KAM Tottus.otros;Pablo Imihuala;supervisor;
SUPERMERCADO;Montserrat;AVDA VICUNA MACKENNA 12321;RM;LA FLORIDA;Matias Valdecantos;KAM Tottus.otros;Pablo Imihuala;supervisor;
SUPERMERCADO;Montserrat;AVDA LAS CONDES 9350;RM;LAS CONDES;Matias Valdecantos;KAM Tottus.otros;Pablo Imihuala;supervisor;
SUPERMERCADO;Montserrat;AVDA JOSE PEDRO ALESSANDRI 3578;RM;MACUL;Matias Valdecantos;KAM Tottus.otros;Pablo Imihuala;supervisor;
SUPERMERCADO;Montserrat;AVDA ALFREDO SILVA CARVALLO 1401;RM;MAIPU;Matias Valdecantos;KAM Tottus.otros;Leonardo Quintana;supervisor;
SUPERMERCADO;Montserrat;AVDA LOS PAJARITOS 6950;RM;MAIPU;Matias Valdecantos;KAM Tottus.otros;Leonardo Quintana;supervisor;
SUPERMERCADO;Montserrat;AVDA IRARRAZAVAL 1489;RM;ÑUÑOA;Matias Valdecantos;KAM Tottus.otros;Pablo Imihuala;supervisor;
SUPERMERCADO;Montserrat;AVDA BAQUEDANO 890;RM;PAINE;Matias Valdecantos;KAM Tottus.otros;Pablo Imihuala;supervisor;
SUPERMERCADO;Montserrat;AVDA BALMACEDA 503;RM;PEÑAFLOR;Matias Valdecantos;KAM Tottus.otros;Leonardo Quintana;supervisor;
SUPERMERCADO;Montserrat;AVDA GRECIA 8585;RM;PEÑALOLÉN;Matias Valdecantos;KAM Tottus.otros;Pablo Imihuala;supervisor;
SUPERMERCADO;Montserrat;CALLE RAMON SUBERCASEAUX 230;RM;PIRQUE;Matias Valdecantos;KAM Tottus.otros;Pablo Imihuala;supervisor;
SUPERMERCADO;Montserrat;CALLE BALMACEDA 354;RM;PUENTE ALTO;Matias Valdecantos;KAM Tottus.otros;Pablo Imihuala;supervisor;
SUPERMERCADO;Montserrat;AVDA GABRIELA 2710;RM;PUENTE ALTO;Matias Valdecantos;KAM Tottus.otros;Pablo Imihuala;supervisor;
SUPERMERCADO;Montserrat;AVDA MEXICO 1919;RM;PUENTE ALTO;Matias Valdecantos;KAM Tottus.otros;Pablo Imihuala;supervisor;
SUPERMERCADO;Montserrat;AVDA EYZAGUIRRE 20501;RM;PUENTE ALTO;Matias Valdecantos;KAM Tottus.otros;Pablo Imihuala;supervisor;
SUPERMERCADO;Montserrat;CALLE STA JOSEFINA 40;RM;PUENTE ALTO;Matias Valdecantos;KAM Tottus.otros;Pablo Imihuala;supervisor;
SUPERMERCADO;Montserrat;CALLE JOSE FRANCISCO VERGARA 159;RM;QUILICURA;Matias Valdecantos;KAM Tottus.otros;Leonardo Quintana;supervisor;
SUPERMERCADO;Montserrat;1650 WALKER MARTINEZ, JOAQUIN;RM;QUINTA NORMAL;Matias Valdecantos;KAM Tottus.otros;Leonardo Quintana;supervisor;
SUPERMERCADO;Montserrat;AVDA DOMINGO STA MARIA 4112;RM;RENCA;Matias Valdecantos;KAM Tottus.otros;Leonardo Quintana;supervisor;
SUPERMERCADO;Montserrat;AVDA JOSE MANUEL BALMACEDA 4569;RM;RENCA;Matias Valdecantos;KAM Tottus.otros;Leonardo Quintana;supervisor;
SUPERMERCADO;Montserrat;AVDA MIRAFLORES 8045;RM;RENCA;Matias Valdecantos;KAM Tottus.otros;Leonardo Quintana;supervisor;
SUPERMERCADO;Montserrat;CALLE COVADONGA 225;RM;SAN BERNARDO;Matias Valdecantos;KAM Tottus.otros;Pablo Imihuala;supervisor;
SUPERMERCADO;Montserrat;CALLE MONJITAS 739;RM;SANTIAGO;Matias Valdecantos;KAM Tottus.otros;Leonardo Quintana;supervisor;
SUPERMERCADO;Montserrat;CALLE LIBERTAD 624;RM;SANTIAGO;Matias Valdecantos;KAM Tottus.otros;Leonardo Quintana;supervisor;
SUPERMERCADO;Montserrat;CALLE ZENTENO 1385;RM;SANTIAGO;Matias Valdecantos;KAM Tottus.otros;Leonardo Quintana;supervisor;
SUPERMERCADO;Erbi;AVDA LA TRAVESIA 7087;RM;PUDAHUEL;Matias Valdecantos;KAM Tottus.otros;;supervisor;
SUPERMERCADO;Tottus;AVDA INMACULADA CONCEPCION    47;RM;COLINA;Matias Valdecantos;KAM Tottus.otros;Leonardo Quintana;supervisor;
SUPERMERCADO;Tottus;AVDA LUIS ARAYA CERECEDA  1047;RM;PEÑAFLOR;Matias Valdecantos;KAM Tottus.otros;Leonardo Quintana;supervisor;
SUPERMERCADO;Tottus;CALLE SAN MARTIN  174;RM;BUIN;Matias Valdecantos;KAM Tottus.otros;Pablo Imihuala;supervisor;
SUPERMERCADO;Tottus;AVDA LOS LIBERTADORES  316;RM;EL MONTE;Matias Valdecantos;KAM Tottus.otros;Carlos Monreal;supervisor;
SUPERMERCADO;Tottus;CALLE EYZAGUIRRE   715;RM;TALAGANTE;Matias Valdecantos;KAM Tottus.otros;Leonardo Quintana;supervisor;
SUPERMERCADO;Tottus;AVDA SERRANO 395;RM;MELIPILLA;Matias Valdecantos;KAM Tottus.otros;Carlos Monreal;supervisor;
SUPERMERCADO;Tottus;CALLE LOS AROMOS   441;RM;TALAGANTE;Matias Valdecantos;KAM Tottus.otros;Leonardo Quintana;supervisor;
SUPERMERCADO;Tottus;CALLE CAMINO SAN ALBERTO HURTA 2436;RM;PADRE HURTADO;Matias Valdecantos;KAM Tottus.otros;Leonardo Quintana;supervisor;
SUPERMERCADO;Tottus;CALLE NATANIEL COX  620;RM;SANTIAGO;Matias Valdecantos;KAM Tottus.otros;Leonardo Quintana;supervisor;
SUPERMERCADO;Tottus;CALLE CATEDRAL 1850;RM;SANTIAGO;Matias Valdecantos;KAM Tottus.otros;Leonardo Quintana;supervisor;
SUPERMERCADO;Tottus;AV. VICUÑA MACKENNA 665;RM;SANTIAGO;Matias Valdecantos;KAM Tottus.otros;Leonardo Quintana;supervisor;
SUPERMERCADO;Tottus;CALLE ROSARIO NORTE 9669;RM;LAS CONDES;Matias Valdecantos;KAM Tottus.otros;Pablo Imihuala;supervisor;
SUPERMERCADO;Tottus;AVDA. LARRAIN 5800;RM;LA REINA;Matias Valdecantos;KAM Tottus.otros;Pablo Imihuala;supervisor;
SUPERMERCADO;Tottus;AVDA. VITACURA 9019;RM;VITACURA;Matias Valdecantos;KAM Tottus.otros;Pablo Imihuala;supervisor;
SUPERMERCADO;Tottus;AVDA PEDRO FONTOVA .5810;RM;CONCHALÍ;Matias Valdecantos;KAM Tottus.otros;Leonardo Quintana;supervisor;
SUPERMERCADO;Tottus;CALLE STA MARTA DE HUECHURABA 7300;RM;HUECHURABA;Matias Valdecantos;KAM Tottus.otros;Leonardo Quintana;supervisor;
SUPERMERCADO;Tottus;LOTEO EL CHAMISERO S/N°, LOTEO 8;RM;COLINA;Matias Valdecantos;KAM Tottus.otros;Leonardo Quintana;supervisor;
SUPERMERCADO;Tottus;CALLE LIBER BERNARDO O'HIGGINS  528;RM;SAN BERNARDO;Matias Valdecantos;KAM Tottus.otros;Pablo Imihuala;supervisor;
SUPERMERCADO;Tottus;CALLE ARTURO PRAT   117;RM;SAN BERNARDO;Matias Valdecantos;KAM Tottus.otros;Pablo Imihuala;supervisor;
SUPERMERCADO;Tottus;AVDA GRAN AVDA JOSE MIGUEL CA 10375;RM;EL BOSQUE;Matias Valdecantos;KAM Tottus.otros;Pablo Imihuala;supervisor;
SUPERMERCADO;Tottus;AVDA AMERICO VESPUCIO 7310, 7310;RM;LA FLORIDA;Matias Valdecantos;KAM Tottus.otros;Pablo Imihuala;supervisor;
SUPERMERCADO;Tottus;AVDA CONCHA Y TORO .1477;RM;PUENTE ALTO;Matias Valdecantos;KAM Tottus.otros;Pablo Imihuala;supervisor;
SUPERMERCADO;Tottus;AVDA EYZAGUIRRE   105;RM;PUENTE ALTO;Matias Valdecantos;KAM Tottus.otros;Pablo Imihuala;supervisor;
SUPERMERCADO;Tottus;AVDA TOBALABA 11201;RM;PEÑALOLÉN;Matias Valdecantos;KAM Tottus.otros;Pablo Imihuala;supervisor;
SUPERMERCADO;Tottus;AV. CAMILO HENRIQUEZ 3692;RM;PUENTE ALTO;Matias Valdecantos;KAM Tottus.otros;Pablo Imihuala;supervisor;
SUPERMERCADO;Tottus;AVDA. WALKER MARTINEZ 3600;RM;LA FLORIDA;Matias Valdecantos;KAM Tottus.otros;Pablo Imihuala;supervisor;
SUPERMERCADO;Tottus;CALLE AEROPUERTO 0;RM;CERRILLOS;Matias Valdecantos;KAM Tottus.otros;Leonardo Quintana;supervisor;
SUPERMERCADO;Tottus;AVDA LIBER BERNARDO O'HIGGINS 3470;RM;ESTACIÓN CENTRAL;Matias Valdecantos;KAM Tottus.otros;Leonardo Quintana;supervisor;
SUPERMERCADO;Tottus;LA FARFANA;RM;Santiago;CD LA FARFANA;KAM Tottus.otros;;;
SUPERMERCADO;Unimarc;AVDA  CASANOVA 306;V;CARTAGENA;;;;;
SUPERMERCADO;Unimarc;AVDA AMBROSIO O`HIGGINS 1920;V;CURACAVÍ;;;;;
SUPERMERCADO;Unimarc;CALLE JOSE NARCISO AGUIRR 027;V;EL QUISCO;;;;;
SUPERMERCADO;Unimarc;AVDA SAN MARCOS 1027;V;EL TABO;;;;;
SUPERMERCADO;Unimarc;AVDA EL GOLF 06;V;SANTO DOMINGO;;;;;
SUPERMERCADO;Lider;CALLE GUILLERMO MUCKE;V;ALGARROBO;Carlos Monreal;Supervisor;;;
SUPERMERCADO;Lider;AVDA BARROS LUCO;V;SAN ANTONIO;Carlos Monreal;Supervisor;;;
SUPERMERCADO;Lider;Isodoro Dobomais 0398, El Quisco;V;EL QUISCO;Carlos Monreal;Supervisor;;;
SUPERMERCADO;Lider;San Miguel 781, Cartagena;V;CARTAGENA;Carlos Monreal;Supervisor;;;
SUPERMERCADO;SANTA ISABEL;AVDA BARROS LUCO 105;V;SAN ANTONIO;Carlos Monreal;Supervisor;;;
SUPERMERCADO;SANTA ISABEL;AVDA MANZO 533;V;MELIPILLA;Carlos Monreal;Supervisor;;;
SUPERMERCADO;Tottus;AVDA BARROS LUCO 1399;V;SAN ANTONIO;Carlos Monreal;Supervisor;;;
SUPERMERCADO;Tottus;AVDA LOS AROMOS 318;V;SAN ANTONIO;Carlos Monreal;Supervisor;;;
SUPERMERCADO;Unimarc;CALLE SARMIENTO 393;VI;PEUMO;;;;;
SUPERMERCADO;Unimarc;AVDA MIGUEL RAMIREZ 1420;VI;RANCAGUA;;;;;
SUPERMERCADO;Unimarc;AV. MEMBRILLAR 10;VI;RANCAGUA;;;;;
SUPERMERCADO;Unimarc;CALLE REPUBLICA DE CHILE 391;VI;RANCAGUA;;;;;
SUPERMERCADO;Unimarc;AVDA KENNEDY 2235;VI;RANCAGUA;;;;;
SUPERMERCADO;Unimarc;CALLE DOCTOR SALINAS 115;VI;RANCAGUA;;;;;
SUPERMERCADO;Lider;CALLE GERMAN RIESCO;VI;SAN VICENTE;Ricardo Zuñiga;Supervisor;;;
SUPERMERCADO;Lider;CALLE A.FREI MONTALVA;VI;RANCAGUA;Ricardo Zuñiga;Supervisor;;;
SUPERMERCADO;Lider;AVDA EINSTEIN;VI;RANCAGUA;Ricardo Zuñiga;Supervisor;;;
SUPERMERCADO;Lider;AVDA RECREO;VI;RANCAGUA;Ricardo Zuñiga;Supervisor;;;
SUPERMERCADO;Lider;CALLE SANTA MARIA;VI;RANCAGUA;Ricardo Zuñiga;Supervisor;;;
SUPERMERCADO;Lider;AVDA San Juan;VI;MACHALI;Ricardo Zuñiga;Supervisor;;;
SUPERMERCADO;Lider;AVDA DIGONAL DOÑIGUE;VI;RANCAGUA;Ricardo Zuñiga;Supervisor;;;
SUPERMERCADO;Lider;Av. El Sol  1071 Rancagua;VI;El Sol;Ricardo Zuñiga;Supervisor;;;
SUPERMERCADO;Lider;Manuel Solis  340, Rengo;VI;RENGO;Ricardo Zuñiga;Supervisor;;;
SUPERMERCADO;EASY;CALLE CARRET EL COBRE 750;VI;RANCAGUA;Ricardo Zuñiga;Supervisor;;;
SUPERMERCADO;JUMBO;CALLE A.FREI MONTALVA  750;VI;RANCAGUA;Ricardo Zuñiga;Supervisor;;;
SUPERMERCADO;JUMBO;CALLE A.FREI MONTALVA 750;VI;RANCAGUA;Ricardo Zuñiga;Supervisor;;;
SUPERMERCADO;JUMBO;CALLE A.FREI MONTALVA   750, REST.;VI;RANCAGUA;Ricardo Zuñiga;Supervisor;;;
SUPERMERCADO;JUMBO;CALLE MEMBRILLAR 450;VI;RANCAGUA;Ricardo Zuñiga;Supervisor;;;
SUPERMERCADO;SANTA ISABEL;CALLE INDEPENDENCIA 510;VI;RANCAGUA;Ricardo Zuñiga;Supervisor;;;
SUPERMERCADO;SANTA ISABEL;CALLE REPUBLICA DE CHILE 450;VI;RANCAGUA;Ricardo Zuñiga;Supervisor;;;
SUPERMERCADO;SANTA ISABEL;AVDA ESTACION 334;VI;RANCAGUA;Ricardo Zuñiga;Supervisor;;;
SUPERMERCADO;SANTA ISABEL;AVDA EL SOL 1834;VI;RANCAGUA;Ricardo Zuñiga;Supervisor;;;
SUPERMERCADO;SANTA ISABEL;CALLE INDEPENDENCIA 540;VI;RANCAGUA;Ricardo Zuñiga;Supervisor;;;
SUPERMERCADO;SANTA ISABEL;AVDA LA COMPAÑIA 111;VI;RANCAGUA;Ricardo Zuñiga;Supervisor;;;
SUPERMERCADO;SANTA ISABEL;AVDA LOURDES 1540, ESQ LOURDE;VI;RANCAGUA;Ricardo Zuñiga;Supervisor;;;
SUPERMERCADO;Tottus;AVDA CONDELL 100;VI;RENGO;Ricardo Zuñiga;Supervisor;;;
SUPERMERCADO;Tottus;AVDA SAN JUAN 130;VI;MACHALÍ;Ricardo Zuñiga;Supervisor;;;
SUPERMERCADO;Tottus;CALLE SARGENTO CUEVA 405;VI;RANCAGUA;Ricardo Zuñiga;Supervisor;;;
SUPERMERCADO;Unimarc;CARRERA 1500,AYSE441  - L.;XI;AYSEN;;;;;
SUPERMERCADO;Unimarc;LAUTARO 331-339, L.442 OY -;XI;COYHAIQUE;;;;;
SUPERMERCADO;Unimarc;BULNES 742, NAT - L.465;XII;PUNTA ARTENAS;;;;;
SUPERMERCADO;Unimarc;AV. ESPAÃ‘A 1375 - L.458;XII;PUNTA ARENAS;;;;;
SUPERMERCADO;Unimarc;LAUTARO NAVARRO 1-457 93 -L;XII;PUNTA ARENAS;;;;;
SUPERMERCADO;Unimarc;SALVADOR ALLENDE L.459 49 -;XII;PUNTA ARENAS;;;;;
SUPERMERCADO;Unimarc;ZENTENO AUSTRAL-L 461;XII;PUNTA ARENAS;;;;;
SUPERMERCADO;Unimarc;BORIES 647 - L.46;XII;PUNTA ARENAS;;;;;
SUPERMERCADO;Unimarc;PEDRO AGUIRRE C. L.464 13 -;XII;PUNTA ARENAS;;;;;
